marketid,firm,caffeine_score,price,share
1,1,0.08665911932931925,1.8705860091281536,0.2447519028965209
1,2,0.04851920351999028,2.5893831114632917,0.01264492844360211
1,3,0.7324954106160811,2.227902960447249,0.02826930973666301
2,1,0.00554706064638554,1.9056082821297848,0.06417447756972311
2,2,0.9250196889887174,1.9431600768540656,0.15391123044227636
2,3,0.01542373912310102,1.656212371540523,0.11616766896762631
3,1,0.964173441656514,2.5564042277911643,0.01337309104882904
3,2,0.491374413958927,1.6773385538197716,0.26067258264508364
3,3,0.175673706049584,1.7142501959541327,0.06258173607650408
4,1,0.8925684507608674,1.518386329439569,0.23849495152188097
4,2,0.6831347034939569,1.7772674077090076,0.31098320644316757
4,3,0.071787874990346,2.3976245752381127,0.01581932925332911
5,1,0.8381795942737389,1.4815737741813253,0.20476921013409743
5,2,0.4886315645608046,1.4825264765608086,0.1057230592686144
5,3,0.1377436711176937,1.6881729827597338,0.03866989425592082
6,1,0.5912288856648902,1.3669774889256692,0.11319119808805876
6,2,0.5304252833571735,2.3045388949324734,0.01707288002385158
6,3,0.2908725034100823,1.7860712803195775,0.1632406089280371
7,1,0.7569379101243227,1.258155066083076,0.19899399593413797
7,2,0.6062625672297771,1.8366607313598824,0.05308948442273872
7,3,0.31543071605415607,2.031035006843789,0.1317995805053576
8,1,0.7324611179496774,2.133636395546024,0.05027691317774514
8,2,0.42553457727099664,2.2203660349913505,0.10957230308144408
8,3,0.5302462602579886,1.7480104766555953,0.132577213132029
9,1,0.646150763333019,2.2764386426391017,0.03927269026054156
9,2,0.3743951476920926,1.755791759969786,0.06467478787828339
9,3,0.5472276623693211,2.246803627560354,0.134783286578527
10,1,0.3285781391445739,3.112791934930162,0.00329355974234422
10,2,0.606821054433417,1.5246891210331563,0.2535866172333694
10,3,0.4716759163405261,1.3420266254301072,0.1858028199934219
11,1,0.9599919531269526,3.706957074097737,0.00352713881582122
11,2,0.8469105467642453,2.925822055270071,0.01503438924355453
11,3,0.8040915881157138,1.507355517096304,0.08215251617583672
12,1,0.695863304821518,1.3127543296721027,0.0658197688514484
12,2,0.7614406980606838,1.815005250871783,0.02101991576000323
12,3,0.6026430381772396,1.3835042139372076,0.13946307436666555
13,1,0.05416141567910393,1.6711139347576869,0.11101499959591488
13,2,0.528513764950182,2.2578256403111308,0.01757720924116416
13,3,0.3705792265178696,2.06815793332796,0.152335157400461
14,1,0.2713883673935962,1.2871587332183143,0.15806310026989767
14,2,0.8845701185430446,2.0206280662585883,0.02883519901189367
14,3,0.910560243760504,2.756956994945753,0.0135392188872779
15,1,0.5547885218634465,1.6738824071141487,0.04706702746992897
15,2,0.6278934334282646,1.9990845680834832,0.15836432337012363
15,3,0.34950440713930353,1.345859764077034,0.16257918326863752
16,1,0.7908809196212623,2.591737393904533,0.02645109428869386
16,2,0.7097048956143794,1.4479168260387831,0.28181951557771195
16,3,0.6037712588558662,1.5719004817027535,0.1103198355515347
17,1,0.7686687154005173,1.6278174736303648,0.2721378656682203
17,2,0.45976924887265536,2.213250718167632,0.03705379574582908
17,3,0.7704075520567281,1.5098805564258098,0.20078159238760615
18,1,0.5883698347202286,2.2691582828378434,0.09705154784405774
18,2,0.35018605674051406,1.805429036448838,0.21648427748565913
18,3,0.8347639944444493,1.6702436465647803,0.089359823068518
19,1,0.06829392826050973,1.3937434712135943,0.15817234043191147
19,2,0.5812387361861595,1.2367682859470253,0.19149335263642375
19,3,0.01390524178040675,2.5442363671522124,0.01368104238828242
20,1,0.1667403701192367,2.838294584941232,0.01201096585603894
20,2,0.06332647931173341,1.6040392296068815,0.2150994831607029
20,3,0.15226364135481896,2.1726864742538163,0.12329966499892105
21,1,0.3888305527290761,1.4527386277029093,0.21480490416763587
21,2,0.8435617128582924,1.4976402151618355,0.07269088406322874
21,3,0.6686382090493509,1.9699959450013431,0.22597236724642655
22,1,0.5670657341795283,2.2276701355668624,0.19736738190777525
22,2,0.00455966861675816,2.246738263563551,0.016945314001642
22,3,0.39383575102392687,1.2186186950789262,0.23936769015903583
23,1,0.4050122139848103,1.5126524126216974,0.08754503683643058
23,2,0.5997275888586454,1.737379489433025,0.3814522820048476
23,3,0.08676827671577614,2.34144796036432,0.05336235190629951
24,1,0.8128519809343817,1.7817749742965143,0.0579949115041662
24,2,0.01649863544712493,1.5402843349832989,0.32842237156762993
24,3,0.9115689564798828,1.9018073817810448,0.07887625655960226
25,1,0.3077215887224193,1.8587460688301367,0.17275267755732313
25,2,0.5545542530200983,1.6172246941177986,0.12283796527922544
25,3,0.6552128713395353,1.723318546310772,0.13564496685688493
26,1,0.49854619429559965,1.4321616094039595,0.10060327182209083
26,2,0.970322997983174,1.4152957942750666,0.2036642236661647
26,3,0.7112989517928135,1.5390839278823627,0.10283225648795792
27,1,0.3130109224191433,2.12192045055289,0.02999257233408074
27,2,0.23845646463006953,1.965873466891447,0.2473640716250744
27,3,0.8301610126989645,2.228432519600835,0.0328529837258824
28,1,0.9344144314822695,1.2874315185548435,0.33470409825007613
28,2,0.5737921587665228,1.5282924689236428,0.1318287503862259
28,3,0.7754502827063473,1.6686478205495936,0.2614497074518592
29,1,0.6668670622223177,1.4047309906264065,0.2797205468424258
29,2,0.44227911426213296,2.21086750872767,0.12555746133515833
29,3,0.15157557712916403,2.8959361974287843,0.01545441868682871
30,1,0.03630405710900608,1.9971776233087415,0.03114569127577482
30,2,0.6303663724738066,1.6456931925159124,0.19899709405637012
30,3,0.5235641742088162,1.9153442606309716,0.07272804115511482
31,1,0.19838430920851724,1.9642873091283355,0.07531949717765722
31,2,0.639979711769903,2.2479129533293745,0.06324026993258312
31,3,0.8574246759739464,1.7140936091588244,0.2388543464597207
32,1,0.2028229951275361,2.9737968432535564,0.02106460403232676
32,2,0.3082828749166431,2.4532101834614437,0.04875620681086367
32,3,0.01305988958837334,3.3402558032471847,0.00689378123221866
33,1,0.6403175975623215,2.013865263972046,0.07076808435788186
33,2,0.10911554163055126,1.1393167920610685,0.2621858088072862
33,3,0.15800700599541528,1.3906728326741495,0.2492300477191819
34,1,0.1449734139532064,1.521299034145173,0.0426833393715343
34,2,0.62937612531947,2.679587345281723,0.02878214535498261
34,3,0.9252253192770024,1.6702433692694048,0.24176256017847417
35,1,0.35882021102526884,1.6082175986565497,0.3469824300854757
35,2,0.16970728693978998,1.70309463271689,0.22706222597169837
35,3,0.472596768357628,2.2758311178554096,0.04931438876659025
36,1,0.822094930296841,3.420380576105355,0.00588956942653071
36,2,0.3638529716615459,1.803873519765916,0.1198124712621046
36,3,0.9510060644303804,1.6003187636836411,0.18380710838045675
37,1,0.5286878626762889,1.9839123356975803,0.19617491024768668
37,2,0.5858774714319464,1.4994211282958532,0.10757414953950206
37,3,0.25635423798402057,1.960140765522409,0.23315974565725897
38,1,0.4659919791832118,1.7267941894081482,0.08355048554624336
38,2,0.5431131037275599,1.1099755953239456,0.1252206972871414
38,3,0.08754987713219153,2.3147227640755017,0.04028324571920434
39,1,0.6443270624695028,1.945399939500133,0.03951038813395109
39,2,0.5317163625084135,1.9082825201835152,0.0204846177439155
39,3,0.9669067080437764,1.367263789708257,0.22278886183901012
40,1,0.7069849622734669,1.7428451123185928,0.19484410042155192
40,2,0.615556754563964,2.133435995248002,0.08894532668496144
40,3,0.3155958709946105,1.732575936230084,0.06393789129051052
41,1,0.7496718587080671,1.6204442592796724,0.14455632309097757
41,2,0.4072795287447457,2.645045661895658,0.06654742534586099
41,3,0.8313343026219909,1.6322360028768366,0.06455161159505977
42,1,0.7877057316414108,1.4708700833241952,0.14346872024000973
42,2,0.9148541435124764,1.328447605911588,0.17889134207256047
42,3,0.6942493945135119,2.6589122132952716,0.0291667762931267
43,1,0.5890860894362054,2.127433162479782,0.03847398048136888
43,2,0.9158008184537624,2.3494851812341357,0.07085715952012323
43,3,0.733990253396165,1.7674009990564636,0.22905122136666356
44,1,0.977354556494535,1.5108482655476834,0.08503776617865333
44,2,0.3852389644648181,1.9267967223564677,0.21300564855678888
44,3,0.9361991023724244,1.9929217811701456,0.0506532849324887
45,1,0.5426983748280636,1.6255507300579493,0.3405312096074206
45,2,0.5693892601032242,1.4605867078796626,0.06432310354678619
45,3,0.6125295820541508,1.524902453841249,0.061272052720439923
46,1,0.7076290575611203,1.71724040990911,0.09281186693978664
46,2,0.4855682383942268,1.3667116451957797,0.08330531599653218
46,3,0.46995432605480336,1.919057515470977,0.2552253352626097
47,1,0.3577687943093414,2.4634759500154204,0.02151240910696877
47,2,0.9100847087959052,2.1782892901177493,0.0476759708985299
47,3,0.4252200273245227,1.9271602743908416,0.3105468516874498
48,1,0.6328921396552949,1.957450579084397,0.03926026397756238
48,2,0.23866563548093211,1.5487950705228894,0.0790570710342411
48,3,0.6034402883049284,1.72229622833486,0.23783225279981324
49,1,0.24636859232986777,1.431973367600626,0.2517600132294542
49,2,0.07043786012297248,1.3081327948142447,0.12362913877383142
49,3,0.5022690941953672,1.8838032071995272,0.04119447465127825
50,1,0.7575402838766926,2.5371641094900985,0.01810184752664402
50,2,0.7534882489377409,2.016865719195093,0.05638262838537055
50,3,0.21610093036607203,1.897223217309442,0.1407219736410846
51,1,0.5958474151067267,2.5574219385339823,0.01779855225402166
51,2,0.47657037891674225,1.5514004209724173,0.11226103361895765
51,3,0.6459618820287839,1.6704486596447965,0.1943393698550765
52,1,0.34572066918455235,1.668839768728975,0.24591167661574984
52,2,0.29587885341106224,1.7843501868990002,0.03700422899822193
52,3,0.9788906824516808,1.7362945520889563,0.12478613030182956
53,1,0.00592613863531898,1.2982778277265403,0.25473592450482246
53,2,0.7233226280845154,4.482198708680598,0.00135025887308616
53,3,0.3800003224743682,1.920818212876052,0.12500249633237662
54,1,0.1833362619648783,2.5151112061729233,0.23572741730632832
54,2,0.49677919852668784,1.7841540856292957,0.0722675932440266
54,3,0.9509878609157656,1.836008417418765,0.12537537026751577
55,1,0.31531496089793043,1.186399818219022,0.12082368790755744
55,2,0.3811168122524755,2.618351848432937,0.0243238760718175
55,3,0.3599732149666399,1.978328588560073,0.03767672568908776
56,1,0.910225927434583,1.629326426877061,0.22213889302829276
56,2,0.9105393139394572,2.6203517597774666,0.01235199531011743
56,3,0.8572137250646399,1.8120279556074037,0.190507918290282
57,1,0.8714106693458019,1.9029132259680115,0.1146092689562078
57,2,0.2323425005766353,2.1607735377158845,0.04907797236814486
57,3,0.642195391543857,1.9696874521201884,0.10336630464368576
58,1,0.4526071516553182,1.9302667802302516,0.058673109932504
58,2,0.4377779731418482,2.6987062615387662,0.02113316095674698
58,3,0.7739590033719297,2.163088612239592,0.1192018436816606
59,1,0.04961970180067721,2.065172782052914,0.08496965871453024
59,2,0.9352488441750096,2.161497316822918,0.1560264885473143
59,3,0.31449280947765945,2.1262996571472996,0.04153726858194005
60,1,0.40164940405166794,1.9054793245330737,0.22549876179279615
60,2,0.97930795436632,2.057604639189527,0.02292433241364355
60,3,0.7293001991023583,1.697297738256787,0.20922060168363668
61,1,0.16223647682078302,1.4554821021082966,0.13463702168433708
61,2,0.5010521342864529,2.0534515393942354,0.07040883270166504
61,3,0.5681166569575028,2.202649991364365,0.01952143237666278
62,1,0.802504039740611,1.8459393312345125,0.0730559278568911
62,2,0.6629500174950856,1.5748004938170588,0.05206706300273533
62,3,0.9425158870117408,1.3932605493474264,0.13467250395786695
63,1,0.31262751632920605,1.8171003083678687,0.24387709256266416
63,2,0.9944243677878944,2.1368898562937995,0.0198631124496413
63,3,0.4133914403389789,2.3152752988800365,0.1761041532350518
64,1,0.9676389636384032,1.9280409889260532,0.04358449947076261
64,2,0.34296161801082947,1.865103865245183,0.02278902202954205
64,3,0.6863565303129953,1.210827546165059,0.12673120233809196
65,1,0.6081628075554726,1.995390430031049,0.0194574436150802
65,2,0.6992880865100567,1.5191971295001023,0.2580945087832325
65,3,0.7828767902120821,2.137430918994105,0.1323788683285819
66,1,0.6124475586137836,1.3188583329690369,0.11316342428944395
66,2,0.09342354678926944,1.8010720925865629,0.0987996243517755
66,3,0.16249477527797374,1.8483838838950384,0.05174019036549542
67,1,0.24423995868518855,1.6901913791331515,0.04640668361233038
67,2,0.43318365549416815,2.0126839835690182,0.2976522909538989
67,3,0.6596399980663831,1.4161607734513704,0.11312555229423288
68,1,0.7929682268803099,2.2991618676854295,0.04566963897935883
68,2,0.7962401655276806,2.4328180238195274,0.19381826814418793
68,3,0.5042794482064437,3.201084255317588,0.02395603114779497
69,1,0.9540946838041916,1.8701420363056696,0.11528614881014324
69,2,0.06741056773080789,2.58219787800675,0.05423984216506232
69,3,0.4865015689623702,1.7089705883471695,0.3704026134493241
70,1,0.49190095440861137,1.8019561273530365,0.29162210860970106
70,2,0.5696158186975777,3.3491409322564247,0.01010369554125016
70,3,0.903809969650196,1.6393269627777811,0.18197812142097924
71,1,0.06455265562955748,2.212175386610485,0.04827867310858628
71,2,0.5117879474243149,1.4478214976159525,0.14172167298629168
71,3,0.22429602890860337,1.3079409427116793,0.08198423566249975
72,1,0.1625848406206084,1.3333344036048618,0.11968285392412566
72,2,0.7711192379080002,1.6266814729990289,0.24206346020212335
72,3,0.9476039807709192,2.499998547426478,0.01356269296614278
73,1,0.37150535509042615,1.9663092222417144,0.06075522134094333
73,2,0.3441318207858557,1.7921547827404471,0.10683872346220044
73,3,0.7426711002945282,1.4907644633797883,0.200451986332945
74,1,0.1815557788234667,1.6533548885402545,0.24275380756025677
74,2,0.5429457844201122,2.2595743347891166,0.03512954423942235
74,3,0.7337382278565465,2.483118056037611,0.05932042957739793
75,1,0.7895236295848107,1.9522442494700516,0.02878551159000371
75,2,0.5396756040122145,1.6081688516370152,0.30809437545886653
75,3,0.8354565097116126,2.508762693983711,0.0342819907871392
76,1,0.00819174961914714,1.0525150700148045,0.09973273226706202
76,2,0.3543631900902986,1.698224254341155,0.17929693998763163
76,3,0.6854567271392425,2.511587039701005,0.03194201261711123
77,1,0.09767533635744764,2.393241396128419,0.06419055704871852
77,2,0.8996087960409285,1.7030561780726876,0.15698316556910605
77,3,0.2529670302167947,3.547602273473233,0.02257665230155869
78,1,0.19789836613837952,2.0964944749925873,0.07620134947061342
78,2,0.24783797656949347,1.6716499436583223,0.31323963727825455
78,3,0.891566003516999,1.6866715260041252,0.05321851650489549
79,1,0.6398438622474483,1.3750666754443288,0.2171005844367162
79,2,0.5641165377347805,1.5113240102081855,0.05707797346049377
79,3,0.8329346718211663,2.1517874466069538,0.16025343898558958
80,1,0.8081070647790591,1.633666764961554,0.130483101102828
80,2,0.9293929354362622,1.492646834616124,0.10347185409359223
80,3,0.3632765840955423,2.5952672640809893,0.01825805081292441
81,1,0.08243559017062019,1.2196079383255505,0.17488656432232433
81,2,0.9798321064328024,1.9823957186118937,0.1331761121686052
81,3,0.1397578680303111,2.595437893118137,0.02417154759110995
82,1,0.5909684596322436,1.5444702063114044,0.10289462145005072
82,2,0.8074522020080259,1.2825243055634985,0.19628186022836505
82,3,0.03317576097780439,1.8843334263929743,0.13490633078075212
83,1,0.6975460850606573,1.785928943227025,0.09628854822508531
83,2,0.92469789492701715,1.3730783290346178,0.11465989172573827
83,3,0.3525829726037525,2.112471090920241,0.03524283366647835
84,1,0.5683924208390377,1.3917271573087806,0.05651912902064855
84,2,0.6771447253704188,2.433124068724358,0.01734562346298389
84,3,0.8880468046038178,1.903222055567066,0.16754339419055583
85,1,0.6481192823062003,1.4917642739558254,0.05882824986012536
85,2,0.11456210607424631,2.033929633312387,0.04577038973572342
85,3,0.470298312359549,2.1017654855453864,0.10042647404499969
86,1,0.32934492890592104,1.1092058168844618,0.09455715678895228
86,2,0.833920141301158,3.2133722494922137,0.00906554956302758
86,3,0.32429534595168796,2.3996899394142694,0.07010438150120693
87,1,0.5198467251820009,2.790847397920083,0.04563527989214353
87,2,0.3222213135481101,2.522211690159182,0.01531843857344186
87,3,0.30959133682435613,1.9231476488004908,0.12764771129895844
88,1,0.6429766862160108,1.3196705622246985,0.08395454690393328
88,2,0.6677163564228308,1.2834185538201872,0.14099865553213514
88,3,0.41446485143447254,1.3951031680166175,0.1972345461991316
89,1,0.923777690916306,1.690164000458054,0.14302361341500822
89,2,0.8131839504088121,1.4163387250209205,0.20985853169048505
89,3,0.3906764365558242,1.6564218371881845,0.02712504131785765
90,1,0.20453223738801177,1.9104955571551672,0.33044051625585596
90,2,0.7978522873415432,1.42845746715946,0.08046873992804014
90,3,0.7455842985909131,1.7390435948309158,0.05055209254966163
91,1,0.5878024794902988,1.420142148843667,0.07543015568141094
91,2,0.43958377417458705,1.4750998984174553,0.10630335202251188
91,3,0.18990885798975057,1.662663383025527,0.12898721899666454
92,1,0.6224185147237108,1.644466439809896,0.19552661426416384
92,2,0.46523338964531646,2.05472220417739,0.1089458804867726
92,3,0.9935261614915024,2.5672748939765957,0.04502898349027247
93,1,0.8066683852282805,1.9586593943227368,0.03690414356017441
93,2,0.21015810313220817,1.966576395658184,0.09872092613026638
93,3,0.4659427520982876,1.627435197213727,0.05705838509401821
94,1,0.5962702103096649,2.235737274210921,0.0340977459332429
94,2,0.09403418393270802,1.6614269756612017,0.2821897582197926
94,3,0.11633394641846728,2.0804528915589593,0.02526182674789322
95,1,0.218333570876986,2.061371043111747,0.13275402254124757
95,2,0.02853477459529607,1.7190680348665353,0.07723084759390553
95,3,0.8059811885726633,1.4903881814531612,0.1417241165128365
96,1,0.8524299831851351,1.5738909832505557,0.20817673098501036
96,2,0.35006471550164964,1.2531178336810251,0.19947144372374012
96,3,0.46051254290938715,1.912144878592684,0.02079932942534355
97,1,0.4647960445408974,1.6562702930411852,0.3134598977738013
97,2,0.5068524228577417,3.084943590338547,0.01516457330566025
97,3,0.9959307202496726,2.9041189044295006,0.02364472426658888
98,1,0.04829152805509007,1.9693265605149732,0.04234786996003491
98,2,0.8332625493450427,1.4254961417135037,0.07025428194529944
98,3,0.264028740779767,2.427957214473643,0.0389047531087034
99,1,0.386397093954122,2.2606907237379574,0.08729367663363577
99,2,0.6213448457075468,1.6225658652330694,0.14821381001121323
99,3,0.7841681570068421,1.6956263933570623,0.1949978761462504
100,1,0.3614794634834973,1.1960931470369345,0.26527381047028475
100,2,0.9415058229257172,2.067526031882582,0.14424084277480895
100,3,0.11155816269576824,2.096736308889094,0.0311152980559186
101,1,0.9172926650092578,1.899944140089576,0.2457390662615739
101,2,0.3940493419031075,1.2724575559027438,0.14157498145562683
101,3,0.6321597428342501,3.1601733640666967,0.01308550111081686
102,1,0.02781424400540322,1.2918733149883126,0.22934089174527444
102,2,0.5995882699763314,1.6986325074075042,0.11099504549943652
102,3,0.12953174650487365,1.569521106565509,0.13026570693160489
103,1,0.7413774815985446,1.697871872330655,0.07027183290645728
103,2,0.373878771380744,1.35985691945326,0.1480516756561201
103,3,0.250323923133733,2.182675609185543,0.05651726275110985
104,1,0.949374107301574,2.04120171185676,0.2021951371685228
104,2,0.7575434517669267,1.8061609630926123,0.02258753593277336
104,3,0.9548859414845012,2.250287463982426,0.08641203009243649
105,1,0.7543673972857398,2.235789307024733,0.02995917474970168
105,2,0.7981443523548418,1.7744957452914218,0.15423738158663436
105,3,0.6433002138642203,1.7622031588892813,0.16483101257798716
106,1,0.5485656456998768,2.718071048667536,0.0144937099320742
106,2,0.8089097736074851,1.7988451586714522,0.07325685908744842
106,3,0.938341907115823,2.413804955573778,0.05677647326276609
107,1,0.9496429096232356,1.7620009216432897,0.08412316426430634
107,2,0.5596658747780114,2.06918135558798,0.07733820567684656
107,3,0.5482958549182837,1.617460295095775,0.029741058696482688
108,1,0.8772520844965757,1.4003926349161344,0.08894087079526768
108,2,0.41132124929655456,1.2760274028532943,0.05725144676871377
108,3,0.3629560320566299,1.3486115742459277,0.11921916364579624
109,1,0.6484943067533534,1.5661575178324785,0.10273404753456096
109,2,0.2707732971436525,2.167977494006639,0.02377989147165834
109,3,0.3741175972301074,1.468302451503336,0.2804360972597559
110,1,0.29614011573405763,2.199379063396315,0.1872013723199989
110,2,0.28211528925496454,1.5825890760781518,0.05991637766708569
110,3,0.5108237161590505,3.316757071114566,0.01051526602405303
111,1,0.6683372128809294,1.5428619850404308,0.17055700168238463
111,2,0.9308810246015184,2.3083310755526787,0.16877131763355674
111,3,0.9804134994203948,1.63836263493305,0.09828810864228824
112,1,0.3026145980618732,1.0129365575426252,0.10760629769227913
112,2,0.07858116123792447,1.8202735137187576,0.23176738798753568
112,3,0.7385047833437837,1.2713055482742144,0.11750085563190464
113,1,0.1236062427549921,1.3269832144786258,0.1926920258573769
113,2,0.04497030505081967,1.2319469379290844,0.2782965846112794
113,3,0.6374305410734733,1.837933772836913,0.14217636996108104
114,1,0.5152222826155618,1.894662467719901,0.05932254950398239
114,2,0.20631038577671224,1.9691281580649216,0.2516128551048963
114,3,0.6410447343604139,1.9049597839774008,0.04095804916277616
115,1,0.5697413037165238,1.931959851666196,0.06713147221731104
115,2,0.4606065699162915,1.527616710442677,0.09366832336181168
115,3,0.19412816604791985,1.514023769972321,0.13072206016993906
116,1,0.25501994750769197,1.3624387612545517,0.07980739110039937
116,2,0.7167351108627902,2.1099320355505284,0.03451289104344242
116,3,0.4057918113869592,1.8995038953227248,0.0911322377546144
117,1,0.8085078344337776,1.3925987565511984,0.11937694596646488
117,2,0.8716831073627003,2.433804032868028,0.06706440790751575
117,3,0.8717448845951231,1.7135174713240122,0.2194530675032547
118,1,0.5181776817784165,1.5347611317097865,0.0544000845607898
118,2,0.915500332528064,1.5830833858567483,0.142532768686968
118,3,0.14761220990368729,1.6237652368919058,0.2687992380261641
119,1,0.9923551202655596,1.6456852939360638,0.16915045007256574
119,2,0.7197254805849082,1.4459927907532275,0.3080333223768456
119,3,0.6529679445664455,1.1231375824257075,0.1405950660347335
120,1,0.6082625029861164,1.326600485011402,0.2577724940305652
120,2,0.5898671729054512,2.1934226834426314,0.05309322900439865
120,3,0.9429575251830066,2.788308784690715,0.01382575266500935
121,1,0.31817790364587095,1.5110423010283676,0.19884997276492924
121,2,0.3881664354460712,1.273400959154895,0.23204479386919913
121,3,0.33969157692462093,1.901412195316447,0.0576638581363282
122,1,0.8436714120503418,1.7215205628811714,0.29169835616021617
122,2,0.2192317699258639,1.6724285658854121,0.08785045490306125
122,3,0.02670306372445763,1.6612828946963611,0.15194718407831617
123,1,0.0948474267891406,2.1536393997462175,0.10193100835040173
123,2,7.4841487976229e-4,2.023191480718199,0.09907887771152236
123,3,0.24829260740232703,1.5265753181414512,0.06826252336709192
124,1,0.2638735033436662,1.2916866544269487,0.1364812477071866
124,2,0.4986818095472876,1.5072740149258508,0.1879991073247144
124,3,0.27442161968166767,1.945707347158948,0.0784598629712482
125,1,0.3760443106529906,1.4697371450246812,0.14416939603980544
125,2,0.24387165631682065,1.9229076155564404,0.06340916165227786
125,3,0.3709865155883192,3.4847495347858413,0.01917867257127663
126,1,0.7672885607069776,2.754815637885549,0.01507322408356091
126,2,0.5084503933200598,1.3001895312612155,0.12381446821620042
126,3,0.8455296416128666,2.494892738818857,0.0516663919863727
127,1,0.7851160159732297,1.7247510599299876,0.11108736529473134
127,2,0.5785286456241734,1.4531120033192924,0.09195473864401468
127,3,0.5602466452925553,2.107917269272408,0.17045553260960675
128,1,0.18896832044601097,1.788472659408747,0.18796822357454904
128,2,0.8535065133322763,1.6773031919639831,0.12010666846306656
128,3,0.7950053425125393,2.235053989945623,0.0605246960616754
129,1,0.2890889479595421,1.9694179847943347,0.212116645533136
129,2,0.8471242880825336,1.8783895398724544,0.12254973519824788
129,3,0.6501794854741995,2.5618176607270646,0.02924717514091888
130,1,0.11694713677168532,1.4995241620181547,0.2445863920606728
130,2,0.01787131194627889,2.716204483077191,0.02002779355560216
130,3,0.53875881153841,1.6116295640858054,0.08262702731505364
131,1,0.3556787263535468,2.454881173966328,0.03014501318125865
131,2,0.18971027473799884,1.7687966711992995,0.05945246227839708
131,3,0.5571602927835891,1.9122025949318164,0.3049951571517678
132,1,0.35868313092611326,1.7306105084665702,0.05382562666720097
132,2,0.5727942560429524,1.4677778851567365,0.20123172784036444
132,3,0.9827023845341224,1.6261430812091002,0.1704894074074966
133,1,0.4238808115271794,1.8593581408056912,0.04803293138880653
133,2,0.4695466529445941,2.083426940410551,0.10507276078398174
133,3,0.06067663538370982,2.096549922274349,0.08533861821812763
134,1,0.9444100031524704,1.442320101993095,0.2582512710659907
134,2,0.6014525968121737,1.7195386051130086,0.02955676793177513
134,3,0.25244993441766306,1.073651490136304,0.12314419400108526
135,1,0.5295411836603674,2.2517763649182045,0.07064573428138271
135,2,0.8326203042227958,2.778370872838896,0.02269982556081629
135,3,0.4417585518279671,1.3711652549940818,0.12613198585551733
136,1,0.33348052177214194,1.4633491831470655,0.17357283108713653
136,2,0.5113648754042857,2.528513506814061,0.00683472202042271
136,3,0.612942571011543,1.3597328580312489,0.04901868748647167
137,1,0.28097361741604576,2.048495757695614,0.3090533814480974
137,2,0.2801192448241704,2.2047958109120267,0.09771104159931354
137,3,0.901459990116985,2.2071049675148724,0.09779789276211032
138,1,0.11243498845429067,1.8854707252645355,0.15809084584203742
138,2,0.9291110859957934,1.9275230934914895,0.05271579038158866
138,3,0.702689934478969,1.3506517046808442,0.2489608151507928
139,1,0.0031624715810562,2.346655482071053,0.0384076029997108
139,2,0.4842525781150533,1.921040582836988,0.05243813328996528
139,3,0.4915948311738088,2.871869479995388,0.02677589722145482
140,1,0.28133550022624443,1.7063068451404355,0.2819798967306486
140,2,0.9000814280423302,1.130611377488064,0.13679112016020942
140,3,0.5485350885935679,2.905153877135869,0.01558045778011756
141,1,0.518773306764087,1.2301361995635895,0.10697583699388308
141,2,0.2158426995911834,1.3166906122645492,0.24025608188973685
141,3,0.7454695825428549,1.8084501433921496,0.03618266777623612
142,1,0.5416450903421155,1.9034302269669228,0.07177556856006179
142,2,0.6033258577243207,1.8023470914610171,0.10971462587681112
142,3,0.7364438130925769,2.676171625317308,0.02744958535127411
143,1,0.12935718537642735,1.7776409794592225,0.1908396441914707
143,2,0.9980864793253252,2.2243497760583626,0.010958217485425
143,3,0.9802558383788564,2.3354788952908874,0.02597727474263576
144,1,0.7798893135296276,2.218242462110206,0.03517996821386594
144,2,0.9983217333203164,1.6107014448700967,0.17302096841132894
144,3,0.35578688219122756,1.8376864478236856,0.12666949167256025
145,1,0.13617644280272512,2.937182398824816,0.01899934903264765
145,2,0.5321374989706557,1.489688761268173,0.09134414916106116
145,3,0.8327600198760589,2.577339734512573,0.1161758633484012
146,1,0.384872390907837,1.788186977011318,0.13370317768407625
146,2,0.9765380337535268,1.6459321177802333,0.1450087430165506
146,3,0.3665132538025538,1.3662847614827944,0.2057598023280606
147,1,0.6531325938373443,2.638412737042645,0.10278299497600484
147,2,0.00930396923748155,2.201090318082075,0.05069145519957147
147,3,0.6798415383389994,1.3946832523182655,0.10405560752655814
148,1,0.24248700774724577,1.4181670503572574,0.15427914814774168
148,2,0.8765843453026982,1.3539744505757338,0.21018397733102423
148,3,0.02860681979285473,1.2235199260543337,0.10295998763465831
149,1,0.4280912889034988,1.991533700430209,0.18304326681339556
149,2,0.2766177530951064,1.8095802314407547,0.01398536195796414
149,3,0.3918666937868028,1.6187163542775864,0.13498773396097724
150,1,0.907259047221212,2.1039406024781844,0.08057396034852973
150,2,0.7989675202882371,2.6127330390391865,0.01955462613904269
150,3,0.28468611140645306,1.6117428360343036,0.14991107485328178
151,1,0.7401039946935822,2.5436896822314576,0.05380548073257915
151,2,0.05324604580773662,1.1871716636739884,0.14950514314213037
151,3,0.2265440268432121,1.8405029807449975,0.32484806569209923
152,1,0.9292762970879602,1.9581229268179776,0.03447104716456795
152,2,0.6634292082636879,1.6577411076238249,0.4405123922976443
152,3,0.4069649499361302,1.9562918854992604,0.02823679686709149
153,1,0.9156747932349112,1.3760664175716943,0.09263038913399178
153,2,0.23573971810946048,1.1115807492630858,0.12554757555565507
153,3,0.7253189141160645,1.9042459214085907,0.0918201850488224
154,1,0.5314189934406031,1.3062473049710734,0.3336384107809738
154,2,0.7224530979320658,1.6228048488510098,0.15979561534313058
154,3,0.4220377938043305,1.8558901097479348,0.03533354740979722
155,1,0.48345805221377025,1.9512056407856744,0.1157492356069884
155,2,0.3104706451102981,1.2990953786750954,0.08172324547381632
155,3,0.4718766386488643,1.914599333444724,0.21683996929101995
156,1,0.3625361137699108,1.2506482138590869,0.1044868322823553
156,2,0.26963969005123567,1.425232795415843,0.3203176387806355
156,3,0.5078890694685485,1.4359077987210125,0.09832358273831396
157,1,0.5471946519952374,1.6224920707254755,0.2801073278669963
157,2,0.15054111959479055,1.6047350349421214,0.11502001510278358
157,3,0.0478650537153239,1.5034899152523369,0.06497026406282749
158,1,0.9894897487323,1.4699298055013554,0.16340607322845216
158,2,0.8980252550732286,1.425520888426553,0.063920593505904
158,3,0.619779664373011,2.207802088233497,0.10052357489193892
159,1,0.7917914923467789,2.333730828599915,0.01668038489870334
159,2,0.0685475525388759,1.6744843554081146,0.21301225724731057
159,3,0.7111419442760436,2.0901537002692927,0.26126826391872865
160,1,0.3012707967710355,1.4812092767857328,0.05442716246526102
160,2,0.7833044206520385,2.843674984011032,0.00350053269510335
160,3,0.5489888861364274,1.6506637822244474,0.26766718863123595
161,1,0.41885258397715386,2.386325278908876,0.0336189691334066
161,2,0.46707798932487565,1.6335073188401252,0.06142379390166948
161,3,0.3888930442801546,1.7190490990423877,0.08843439164475414
162,1,0.8351445915206341,1.664520079055298,0.10748100768888574
162,2,0.6665738557596665,2.4899557267466945,0.03013528798620903
162,3,1.9278653464183e-4,1.3929866566203764,0.15508585535862748
163,1,0.3290969691464538,2.291797589011919,0.06489844040260234
163,2,0.5908159953527916,1.3443599118595813,0.06957725530106196
163,3,0.9598024167699384,1.520821321580761,0.17457354584940382
164,1,0.5728262401387612,2.8552359036772015,0.02942543999652018
164,2,0.21154697201744843,2.1812683704397675,0.0925703459026638
164,3,0.8945572985465616,2.074458895190656,0.2849933178743384
165,1,0.8219266806053531,2.0229082090905077,0.0901916673412588
165,2,0.469497755974851,4.353283004916396,0.00314232386559177
165,3,0.6258029912684777,1.563300441480577,0.3036337069745126
166,1,0.6556520453446122,1.2848676026152797,0.12491504495273811
166,2,0.4905569122083267,1.536088569997923,0.1340394358354223
166,3,0.608740885977297,1.421870792130441,0.1752021792505276
167,1,0.21311842626428112,2.150381046780852,0.04051463880814337
167,2,0.00519760681974501,1.6585392590199677,0.1472298667081208
167,3,0.5539495124037094,2.140220512400014,0.09395911596218896
168,1,0.4014406263911501,1.8778638211788796,0.11930067320420128
168,2,0.25575422654354374,1.494864435283882,0.1023449456329752
168,3,0.27976867289706353,1.406926485385708,0.06590727065349956
169,1,0.288616396875487,1.9214853089847033,0.3848220349091928
169,2,0.18144566161101883,2.482404662956849,0.00675400356537626
169,3,0.3986380945379058,2.8204924812802714,0.02749385100254647
170,1,0.9006244095105653,1.495388079305403,0.1288771138764159
170,2,0.7747135697659837,3.1802657449827847,0.01605342535579503
170,3,0.3971733876924419,1.548720292663297,0.29471804485271397
171,1,0.4166197162659552,1.837297123661259,0.14767638796456534
171,2,0.971101745451389,2.464301413128976,0.01549192072782645
171,3,0.6404463391084895,1.827618881647714,0.16675174931875578
172,1,0.14050571288670877,2.4606270446633314,0.12883254004566402
172,2,0.5360095918164816,2.236404252084451,0.02260153418900263
172,3,0.03639584938041906,1.7830337724815355,0.19153553301171009
173,1,0.0065676781178624,2.111882184190754,0.1339529171340327
173,2,0.1907741559649516,1.530569863887654,0.2384001784270384
173,3,0.8913847081314538,3.130673258416399,0.0122493196974441
174,1,0.2879596268391633,1.7524071503809695,0.17406810909234094
174,2,0.4764694910110838,1.6516855004588304,0.07380647762462557
174,3,0.6866385296629107,1.544964638840642,0.13654058704908317
175,1,0.8256660327035044,3.20475307175697,0.01001369603178341
175,2,0.9264667901223756,3.2431927436735783,0.01789993425820129
175,3,0.03161033427470072,1.8290553936506424,0.13189700131315985
176,1,0.6188160455646494,1.8298990962452273,0.1923140490764789
176,2,0.7333961790266276,2.445354612623527,0.11559141929616384
176,3,0.16542893249035784,1.859434870383453,0.06263597855907045
177,1,0.11745747852590238,2.354884607302542,0.07172233387005124
177,2,0.6056581749318879,1.6812566281462629,0.23848436809288448
177,3,0.9656319516429896,1.879419982655544,0.0732697326669693
178,1,0.8386555693586615,2.0282649853148618,0.04018983768418179
178,2,0.6892445923722407,1.3752288746695762,0.15903741342107452
178,3,0.07802089810509871,1.7129560260553522,0.05032332441212471
179,1,0.9721920697486942,2.2947807885856517,0.08924770458011048
179,2,0.14815191339916767,1.614227403371062,0.10265625236967443
179,3,0.08886911812316356,1.4771704160462225,0.0912987620071934
180,1,0.3625980534553501,3.1027892020022123,0.01719530083654494
180,2,0.7063526383307394,1.559099448814241,0.08684649604343982
180,3,0.4454017292520098,1.1355644227329078,0.18631889207991167
181,1,0.8078992895529217,2.4721547463935982,0.09923917307193517
181,2,0.9441262967426352,1.8874467782610729,0.1716104162043849
181,3,0.9755098553534162,2.1339775766819815,0.06029318092912997
182,1,0.6337734145049679,1.5456330223207213,0.07431846603341877
182,2,0.8671230038394806,2.6587901923274453,0.02357610808787528
182,3,0.6600761490147825,1.7887619540628958,0.24519517672876948
183,1,0.5277473284118156,1.7042184969675451,0.06610637675706274
183,2,0.8929933278583022,1.8495731545210672,0.07753805100260532
183,3,0.9302082254331538,1.527608767470575,0.05219914822199167
184,1,0.8916762836051075,1.9414780902120512,0.05629141547387797
184,2,0.09262002326717587,2.5849579555464226,0.01853255095663239
184,3,0.9975914613228656,1.8235363977282335,0.1564592710170231
185,1,0.07824151950707159,2.2677011046631588,0.04544080530424937
185,2,0.25843184395094376,1.5160706913969475,0.21341972239087956
185,3,0.5906912758396349,2.3880029704536,0.02858623775447775
186,1,0.1532667088430275,1.9692542063681984,0.10045897741066824
186,2,0.9594428932019402,1.6636719323242335,0.0250490266266974
186,3,0.3846139548860622,1.3574152440158094,0.137439204761078
187,1,0.15918005687890857,1.5135095948132935,0.12176698055133052
187,2,0.7670581502545866,2.327894917457199,0.20918282521308548
187,3,0.7497162854505177,1.5941296723349574,0.06923943771204946
188,1,0.5246467057669207,1.826406088520019,0.07665741390670955
188,2,0.5337374425027085,2.5091011857339462,0.02980535110659658
188,3,0.7963380879567538,2.872641409100695,0.01632359055744277
189,1,0.947982093058478,1.544157342486575,0.11932514791287745
189,2,0.14108925629766988,2.0672183090400233,0.02646655357474675
189,3,0.7707399684060627,1.930593993417532,0.2327892817454065
190,1,0.8541277165678925,2.2294769111871577,0.08821119353556921
190,2,0.6881123451859373,3.8862633518363374,0.00318781633994552
190,3,0.7986900840960298,1.6827091315910605,0.22212235790601056
191,1,0.3833757291757357,2.7034483852685485,0.0408745945086014
191,2,0.04103887071943801,1.526292626198214,0.19376924463719655
191,3,0.2871342650252581,2.5206835059043127,0.05192347737030339
192,1,0.2502236744685863,2.0818046918753157,0.01597496635395618
192,2,0.21635615442252765,1.6053000069367824,0.3775700152374482
192,3,0.3950206496744807,1.782966831615107,0.12970246022410678
193,1,0.59993023603882345,1.173432032342859,0.19329284835569144
193,2,0.7449962936257785,1.6620404509819315,0.06572854997454139
193,3,0.6869301453661107,1.6706973239006715,0.18486014549625607
194,1,0.36185830383767725,1.7127146133399345,0.05491763046399524
194,2,0.9028516021959272,1.4784560590140994,0.17527292690225935
194,3,0.01368873862227348,1.7425719623077731,0.12231386714392994
195,1,0.11345779901572428,1.7254448526084802,0.06157945051327521
195,2,0.16771273469346337,1.7251428203317252,0.17352099761451353
195,3,0.5895534900939031,1.2679563114886587,0.1055001371555074
196,1,0.24883242848121456,2.674000463808656,0.04519613457992065
196,2,0.5423831175575422,1.5971440084676498,0.1035203105713128
196,3,0.1846825622730649,1.7923087444357146,0.1483852514883787
197,1,0.1157258110065581,1.5882316492294066,0.15277827375525643
197,2,0.9661133633001469,1.7886562018262144,0.2763700803842683
197,3,0.11189968944263308,1.8374744339233364,0.02361433921038378
198,1,0.44948313834116926,1.1928560890702715,0.10274653045645275
198,2,0.465782872984976,1.821436236517993,0.2640646535736699
198,3,0.04796415016581912,1.296970655310269,0.22607876362850957
199,1,0.926875550637796,2.171230867372998,0.07867706197050955
199,2,0.8161704307576354,2.09485747975015,0.3305424924785203
199,3,0.06943923019747111,1.2708217038346237,0.0374200093784009
200,1,0.5466192517609937,2.1317699170493394,0.0860041430879133
200,2,0.4369712573199891,2.510074713045464,0.03906298788743384
200,3,0.8143160132548888,1.8732261377976112,0.08166593271860773
